ID,WORD,POSWX,POSLY,LENGTH,LINE,PAGE,DURATION,AUDIOFILE
1,A,43.377,78.957676,10.188864,1,1,0.238549,1_1
2,Tale,57.0966864,78.957676,25.0685568,1,1,0.415057,1_2
3,of,85.6904208,78.957676,11.755296,1,1,0.377732,1_3
4,Two,100.9737168,78.957676,25.867296,1,1,0.50712,1_4
5,Cities,130.3690128,78.957676,32.9261184,1,1,0.398458,1_5
6,by,166.8259536,78.957676,14.112,1,1,0.413243,1_6
7,Charles,184.4659536,78.957676,43.1036928,1,1,0.436689,1_7
8,Dickens,231.1004688,78.957676,46.2393792,1,1,0.42771,1_8
9,Chapter,43.377,111.360076,44.6701248,2,1,0.377732,1_9
10,One,91.5751248,111.360076,27.433728,2,1,0.562494,1_10
11,The,122.5340304,111.360076,21.9413376,2,1,0.513197,1_11
12,Period,148.0005456,111.360076,36.8436096,2,1,0.407755,1_12
13,It,43.377,143.762476,8.622432,3,1,0.377732,1_13
14,was,55.7010096,143.762476,21.94416,3,1,0.396372,1_14
15,the,81.35239201,143.762476,17.2420416,3,1,0.303719,1_15
16,best,102.2960112,143.762476,22.734432,3,1,0.312562,1_16
17,of,128.733432,143.762476,11.755296,3,1,0.653288,1_17
18,times,144.193128,143.762476,34.1002368,3,1,0.660045,1_18
19,it,181.9977648,143.762476,7.8434496,3,1,0.613061,1_19
20,was,193.5442032,143.762476,21.94416,3,1,0.343764,1_20
21,the,219.1955856,143.762476,17.2420416,3,1,0.312562,1_21
22,worst,240.1392048,143.762476,31.3625088,3,1,0.434014,1_22
23,of,275.2047024,143.762476,11.755296,3,1,0.537914,1_23
24,times,290.6643984,143.762476,34.1002368,3,1,0.50712,1_24
25,it,328.4690352,143.762476,7.8434496,3,1,0.448209,1_25
26,was,340.0154736,143.762476,21.94416,3,1,0.345488,1_26
27,the,365.666856,143.762476,17.2420416,3,1,0.320454,1_27
28,age,386.6104752,143.762476,19.5846336,3,1,0.448209,1_28
29,of,409.8980976,143.762476,11.755296,3,1,0.401497,1_29
30,wisdom,425.3577936,143.762476,48.220704,3,1,0.26458,1_30
31,it,477.2828976,143.762476,7.8434496,3,1,0.377732,1_31
32,was,488.829336,143.762476,21.94416,3,1,0.779501,1_32
33,the,514.4807184,143.762476,17.2420416,3,1,0.512063,1_33
34,age,535.4243376,143.762476,19.5846336,3,1,0.303719,1_34
35,of,558.71196,143.762476,11.755296,3,1,0.269161,1_35
36,foolishness,574.171656,143.762476,67.032,3,1,0.770612,1_36
37,it,644.908056,143.762476,7.8434496,3,1,0.440272,1_37
38,was,656.4544944,143.762476,21.94416,3,1,0.401043,1_38
39,the,43.377,176.164876,17.2420416,4,1,0.398458,1_39
40,epoch,64.65084001,176.164876,33.6938112,4,1,0.238549,1_40
41,of,102.379272,176.164876,11.755296,4,1,0.37941,1_41
42,belief,118.1691888,176.164876,35.6497344,4,1,0.333923,1_42
43,it,157.853544,176.164876,7.8434496,4,1,0.238549,1_43
44,was,169.728792,176.164876,21.94416,4,1,0.502086,1_44
45,the,195.7103952,176.164876,17.2420416,4,1,0.382494,1_45
46,epoch,216.9842352,176.164876,33.6938112,4,1,0.398458,1_46
47,of,254.7126673,176.164876,11.755296,4,1,0.364172,1_47
48,incredulity,270.5025841,176.164876,64.6583616,4,1,0.238549,1_48
49,it,339.1955665,176.164876,7.8434496,4,1,0.475782,1_49
50,was,351.0708145,176.164876,21.94416,4,1,0.333923,1_50
51,the,377.0524177,176.164876,17.2420416,4,1,0.238549,1_51
52,season,398.3262577,176.164876,37.622592,4,1,0.474059,1_52
53,of,439.9834705,176.164876,11.755296,4,1,0.437415,1_53
54,Light,455.784324,176.164876,34.1002368,4,1,0.343764,1_54
55,it,493.9191816,176.164876,7.8434496,4,1,0.377732,1_55
56,was,505.7944296,176.164876,21.94416,4,1,0.481995,1_56
57,the,531.7760328,176.164876,17.2420416,4,1,0.377732,1_57
58,season,553.0498728,176.164876,37.622592,4,1,0.303719,1_58
59,of,594.7070856,176.164876,11.755296,4,1,0.486984,1_59
60,Darkness,610.4970024,176.164876,56.0415744,4,1,0.401043,1_60
61,it,670.5731976,176.164876,7.8434496,4,1,0.398458,1_61
62,was,43.377,208.567276,21.94416,5,1,0.238549,1_62
63,the,69.1779696,208.567276,17.2420416,5,1,0.37941,1_63
64,spring,90.271176,208.567276,35.28,5,1,0.333923,1_64
65,of,129.4051632,208.567276,11.755296,5,1,0.238549,1_65
66,hope,145.0144464,208.567276,30.9589056,5,1,0.502086,1_66
67,it,179.8273392,208.567276,7.8434496,5,1,0.382494,1_67
68,was,191.5219536,208.567276,21.94416,5,1,0.433288,1_68
69,the,217.3229232,208.567276,17.2420416,5,1,0.364172,1_69
70,winter,238.4161296,208.567276,36.0505152,5,1,0.238549,1_70
71,of,278.320632,208.567276,11.755296,5,1,0.475782,1_71
72,despair,293.9299152,208.567276,44.2778112,5,1,0.333923,1_72
73,we,342.0617136,208.567276,16.4574144,5,1,0.238549,1_73
74,had,362.3702928,208.567276,20.3749056,5,1,0.40966,1_74
75,everything,386.5991856,208.567276,60.3457344,5,1,0.437415,1_75
76,before,450.7989072,208.567276,36.0392256,5,1,0.343764,1_76
77,us,490.6892976,208.567276,16.0763904,5,1,0.377732,1_77
78,we,510.6196752,208.567276,16.4574144,5,1,0.481995,1_78
79,had,530.9282544,208.567276,20.3749056,5,1,0.303719,1_79
80,nothing,555.1571472,208.567276,43.1206272,5,1,0.303719,1_80
81,before,602.1317616,208.567276,36.0392256,5,1,0.547483,1_81
82,us,642.022152,208.567276,16.0763904,5,1,0.26458,1_82
83,we,661.9525296,208.567276,16.4574144,5,1,0.414059,1_83
84,were,43.377,240.969676,27.419616,6,1,0.582041,1_84
85,all,74.9554224,240.969676,14.1063552,6,1,0.269161,1_85
86,going,93.220584,240.969676,32.1443136,6,1,0.398458,1_86
87,direct,129.5265264,240.969676,32.1245568,6,1,0.509887,1_87
88,to,165.8098896,240.969676,10.9763136,6,1,0.403447,1_88
89,Heaven,180.947832,240.969676,46.6204032,6,1,0.540952,1_89
90,we,231.729864,240.969676,16.4574144,6,1,0.535283,1_90
91,were,252.3460848,240.969676,27.419616,6,1,0.383719,1_91
92,all,283.9245072,240.969676,14.1063552,6,1,0.377732,1_92
93,going,302.1896688,240.969676,32.1443136,6,1,0.524717,1_93
94,direct,338.4956112,240.969676,32.1245568,6,1,0.303719,1_94
95,the,374.7789744,240.969676,17.2420416,6,1,0.377732,1_95
96,other,396.1798224,240.969676,28.9945152,6,1,0.449161,1_96
97,way,429.3359664,240.969676,27.038592,6,1,0.657415,1_97
98,in,460.5361872,240.969676,10.9763136,6,1,0.303719,1_98
99,short,475.6741296,240.969676,31.752,6,1,0.496961,1_99
100,the,511.5877584,240.969676,17.2420416,6,1,0.364172,1_100
101,period,532.9886064,240.969676,36.0505152,6,1,0.269161,1_101
102,was,573.2007504,240.969676,21.94416,6,1,0.516689,1_102
103,so,599.3093616,240.969676,12.5483904,6,1,0.407755,1_103
104,far,616.0193808,240.969676,15.67266958,6,1,0.428209,1_104
105,like,635.8536792,240.969676,21.1623552,6,1,0.26458,1_105
106,the,661.1748408,240.969676,17.2420416,6,1,0.534331,1_106
107,present,43.377,273.372076,40.7526336,7,1,0.336599,1_107
108,period,89.22971035,273.372076,39.5785152,7,1,0.489161,1_108
109,that,133.9111247,273.372076,21.1623552,7,1,0.448209,1_109
110,some,160.1735567,273.372076,29.790432,7,1,0.403991,1_110
111,of,195.0640654,273.372076,11.755296,7,1,0.269161,1_111
112,its,211.9222606,273.372076,13.3301952,7,1,0.406304,1_112
113,noisiest,230.3581773,273.372076,43.1234496,7,1,0.398458,1_113
114,authorities,278.5817037,273.372076,59.5639296,7,1,0.398458,1_114
115,insisted,343.2513548,273.372076,43.1206272,7,1,0.377732,1_115
116,on,391.4748812,273.372076,14.112,7,1,0.402585,1_116
117,its,410.6897803,273.372076,13.3301952,7,1,0.303719,1_117
118,being,429.1256971,273.372076,31.3512192,7,1,0.393243,1_118
119,received,465.5798154,273.372076,51.311232,7,1,0.443039,1_119
120,for,521.9939466,273.372076,16.454592,7,1,0.403356,1_120
121,good,543.5514377,273.372076,28.224,7,1,0.58068,1_121
122,or,576.8783369,273.372076,11.755296,7,1,0.522948,1_122
123,for,593.736532,273.372076,16.454592,7,1,0.513152,1_123
124,evil,615.2940232,273.372076,24.6875328,7,1,0.377732,1_124
125,in,645.0844552,273.372076,10.9763136,7,1,0.364172,1_125
126,the,661.1636679,273.372076,17.2420416,7,1,0.622766,1_126
127,superlative,43.377,305.774476,61.9121664,8,1,0.515102,1_127
128,degree,109.329432,305.774476,37.6028352,8,1,0.684989,1_128
129,of,150.9725328,305.774476,11.755296,8,1,0.850522,1_129
130,comparison,166.7709168,305.774476,65.8381248,8,1,0.336599,1_130
131,only,236.6521296,305.774476,28.6163136,8,1,0.638005,1_131
132,There,269.3115312,305.774476,32.9035392,8,1,0.383719,1_132
133,was,306.255336,305.774476,21.94416,8,1,0.486984,1_133
134,a,332.2454063,305.774476,6.265728,8,1,0.351791,1_134
135,king,342.5513999,305.774476,25.0883136,8,1,0.448707,1_135
136,with,371.6828015,305.774476,25.0883136,8,1,0.407755,1_136
137,a,400.8142031,305.774476,6.265728,8,1,0.517188,1_137
138,large,411.1201967,305.774476,28.2042432,8,1,0.513197,1_138
139,jaw,443.3647055,305.774476,20.3720832,8,1,0.348707,1_139
140,and,467.7826991,305.774476,20.3749056,8,1,0.351791,1_140
141,a,492.2006927,305.774476,6.265728,8,1,0.400952,1_141
142,queen,502.5066863,305.774476,33.6938112,8,1,0.497551,1_142
143,with,540.2435855,305.774476,25.0883136,8,1,0.624853,1_143
144,a,569.3749871,305.774476,6.265728,8,1,0.390839,1_144
145,plain,579.6809807,305.774476,28.2155328,8,1,0.625533,1_145
146,face,611.9396015,305.774476,27.0160128,8,1,0.303719,1_146
147,on,642.9987022,305.774476,14.112,8,1,0.513651,1_147
148,the,661.1537902,305.774476,17.2420416,8,1,0.371746,1_148
149,throne,43.377,338.176876,36.0533376,9,1,0.515102,1_149
150,of,82.71984478,338.176876,11.755296,9,1,0.364172,1_150
151,England,97.76747036,338.176876,50.5548288,9,1,0.640771,1_151
152,there,151.6192152,338.176876,28.2042432,9,1,0.50263,1_152
153,was,183.1129656,338.176876,21.94416,9,1,0.576644,1_153
154,a,208.3522776,338.176876,6.265728,9,1,0.303719,1_154
155,king,217.9075127,338.176876,25.0883136,9,1,0.382902,1_155
156,with,246.2881559,338.176876,25.0883136,9,1,0.238549,1_156
157,a,274.6687991,338.176876,6.265728,9,1,0.535283,1_157
158,large,284.2240343,338.176876,28.2042432,9,1,0.626757,1_158
159,jaw,315.7177847,338.176876,20.3720832,9,1,0.567483,1_159
160,and,339.3850198,338.176876,20.3749056,9,1,0.26458,1_160
161,a,363.052255,338.176876,6.265728,9,1,0.377732,1_161
162,queen,372.6074902,338.176876,33.6938112,9,1,0.445896,1_162
163,with,409.593631,338.176876,25.0883136,9,1,0.507528,1_163
164,a,437.9742742,338.176876,6.265728,9,1,0.390839,1_164
165,fair,447.5295093,338.176876,19.5818112,9,1,0.552472,1_165
166,face,470.4036501,338.176876,27.0160128,9,1,0.377732,1_166
167,on,500.7119925,338.176876,14.112,9,1,0.64585,1_167
168,the,518.1163221,338.176876,17.2420416,9,1,0.269161,1_168
169,throne,538.6478709,338.176876,36.0533376,9,1,0.594558,1_169
170,of,577.9907156,338.176876,11.755296,9,1,0.397959,1_170
171,France,593.0383412,338.176876,41.9211072,9,1,0.667483,1_171
172,In,638.251778,338.176876,11.755296,9,1,0.407755,1_172
173,both,653.2994036,338.176876,25.0883136,9,1,0.714739,1_173
174,countries,43.377,370.579276,55.2541248,10,1,0.336599,1_174
175,it,102.1294896,370.579276,7.8434496,10,1,0.412109,1_175
176,was,113.4684816,370.579276,21.94416,10,1,0.448209,1_176
177,clearer,138.9138288,370.579276,38.370528,10,1,0.377732,1_177
178,than,180.7827216,370.579276,24.2952192,10,1,0.6639,1_178
179,crystal,208.5763056,370.579276,37.6169472,10,1,0.398458,1_179
180,to,249.6887952,370.579276,10.9763136,10,1,0.295918,1_180
181,the,264.1634736,370.579276,17.2420416,10,1,0.303719,1_181
182,lords,284.9010576,370.579276,28.2211776,10,1,0.498639,1_182
183,of,316.6234224,370.579276,11.755296,10,1,0.364172,1_183
184,the,331.8770832,370.579276,17.2420416,10,1,0.765351,1_184
185,State,352.6146672,370.579276,28.2183552,10,1,0.42254,1_185
186,preserves,384.3285648,370.579276,53.2812672,10,1,0.377732,1_186
187,of,441.1110192,370.579276,11.755296,10,1,0.413469,1_187
188,loaves,456.36468,370.579276,36.0476928,10,1,0.406757,1_188
189,and,495.91356,370.579276,20.3749056,10,1,0.456281,1_189
190,fishes,519.7868304,370.579276,36.451296,10,1,0.377732,1_190
191,that,559.7364912,370.579276,21.1623552,10,1,0.390839,1_191
192,things,584.3943888,370.579276,34.4981952,10,1,0.351791,1_192
193,in,622.3937712,370.579276,10.9763136,10,1,0.418639,1_193
194,general,636.8684496,370.579276,41.5231488,10,1,0.440272,1_194
195,were,43.377,402.981676,27.419616,11,1,0.535601,1_195
196,settled,76.68414222,402.981676,36.8351424,11,1,0.238549,1_196
197,for,119.4096332,402.981676,16.454592,11,1,0.446803,1_197
198,ever,141.7545739,402.981676,27.8091072,11,1,0.303719,1_198
199,It,175.4540297,402.981676,8.622432,11,1,0.456916,1_199
200,was,189.9639879,402.981676,21.94416,11,1,0.469206,1_200
201,the,217.8013189,402.981676,17.2420416,11,1,0.388299,1_201
202,year,240.9308868,402.981676,24.2811072,11,1,0.530476,1_202
203,of,271.1126928,402.981676,11.755296,11,1,0.35551,1_203
204,Our,288.7583374,402.981676,21.9469824,11,1,0.312562,1_204
205,Lord,316.5956684,402.981676,27.4309056,11,1,0.646213,1_205
206,one,349.9169227,402.981676,20.377728,11,1,0.348707,1_206
207,thousand,376.1821769,402.981676,50.9589031,11,1,0.377732,1_207
208,seven,433.0314286,402.981676,32.1302016,11,1,0.538231,1_208
209,hundred,471.0519788,402.981676,46.2422016,11,1,0.303719,1_209
210,and,523.1845291,402.981676,20.3749056,11,1,0.400952,1_210
211,seventy,549.4497833,402.981676,43.1065152,11,1,0.451156,1_211
212,five,598.4518224,402.981676,25.4665152,11,1,0.303719,1_212
213,Spiritual,629.8086862,402.981676,48.6073728,11,1,0.402585,1_213
214,revelations,43.377,435.384076,61.9065216,12,1,0.485215,1_214
215,were,109.1502096,435.384076,27.419616,12,1,0.476281,1_215
216,conceded,140.4308688,435.384076,53.2756224,12,1,1.0439,1_216
217,to,197.5703567,435.384076,10.9763136,12,1,0.615329,1_217
218,England,212.4105359,435.384076,47.0268288,12,1,0.26458,1_218
219,at,263.3012303,435.384076,10.1860416,12,1,0.83093,1_219
220,that,277.3483151,435.384076,21.1623552,12,1,0.444853,1_220
221,favored,302.3717135,435.384076,43.0924032,12,1,0.35551,1_221
222,period,349.3279822,435.384076,39.5785152,12,1,0.470249,1_222
223,as,392.770363,435.384076,11.7524736,12,1,0.303719,1_223
224,at,408.3895246,435.384076,10.1860416,12,1,0.52907,1_224
225,this,422.4366094,435.384076,23.9170176,12,1,0.394467,1_225
226,Mrs,450.2174926,435.384076,26.2680768,12,1,0.653741,1_226
227,Southcott,480.349435,435.384076,54.0997632,12,1,0.26458,1_227
228,had,538.3102413,435.384076,20.3749056,12,1,0.377732,1_228
229,recently,562.5490125,435.384076,45.44064,12,1,0.487438,1_229
230,attained,611.8535181,435.384076,44.6616576,12,1,0.439773,1_230
231,her,660.3790413,435.384076,18.0182016,12,1,0.303719,1_231
232,five,43.377,467.786476,21.9413376,13,1,0.538776,1_232
233,and,69.96118559,467.786476,20.3749056,13,1,0.390839,1_233
234,twentieth,94.98176159,467.786476,52.510752,13,1,0.524989,1_234
235,blessed,152.138184,467.786476,41.5429056,13,1,0.269161,1_235
236,birthday,198.32676,467.786476,50.5548288,13,1,0.378231,1_236
237,of,253.5272592,467.786476,11.755296,13,1,0.383719,1_237
238,whom,269.9282256,467.786476,35.2828224,13,1,0.377732,1_238
239,a,309.853896,467.786476,6.265728,13,1,0.515283,1_239
240,prophetic,320.7624719,467.786476,53.2925568,13,1,0.527166,1_240
241,private,378.6978767,467.786476,39.1805568,13,1,0.364172,1_241
242,in,422.5212815,467.786476,10.9763136,13,1,0.477415,1_242
243,the,438.1432655,467.786476,17.2420416,13,1,0.443084,1_243
244,Life,460.0281551,467.786476,23.52258728,13,1,0.238549,1_244
245,Guards,488.1935904,467.786476,40.755456,13,1,0.61737,1_245
246,had,533.5975392,467.786476,20.3749056,13,1,0.398458,1_246
247,heralded,558.6181152,467.786476,48.5763264,13,1,0.303719,1_247
248,the,611.840112,467.786476,17.2420416,13,1,0.513061,1_248
249,sublime,633.7250016,467.786476,44.6870592,13,1,0.629433,1_249
250,appearance,43.377,500.188876,63.447552,14,1,0.26458,1_250
251,by,109.7372688,500.188876,14.112,14,1,0.589252,1_251
252,announcing,126.764808,500.188876,65.8381248,14,1,0.386077,1_252
253,that,195.518472,500.188876,21.1623552,14,1,0.607483,1_253
254,arrangements,219.593544,500.188876,76.0044096,14,1,0.383719,1_254
255,were,298.5163151,500.188876,27.419616,14,1,0.47932,1_255
256,made,328.8486479,500.188876,30.5609472,14,1,0.421088,1_256
257,for,362.3223119,500.188876,16.454592,14,1,0.377732,1_257
258,the,381.6924431,500.188876,17.2420416,14,1,0.489977,1_258
259,swallowing,401.8472015,500.188876,65.0676096,14,1,0.412925,1_259
260,up,469.8303503,500.188876,14.112,14,1,0.656735,1_260
261,of,486.8578895,500.188876,11.755296,14,1,0.383719,1_261
262,London,501.5287247,500.188876,43.8996096,14,1,0.377732,1_262
263,and,548.3438735,500.188876,20.3749056,14,1,0.515737,1_263
264,Westminster,571.6343182,500.188876,74.850048,14,1,0.436463,1_264
265,Even,649.3999054,500.188876,28.9945152,14,1,0.403447,1_265
266,the,43.377,532.591276,17.2420416,15,1,0.371066,1_266
267,Cock,64.61838238,532.591276,29.7876096,15,1,0.96195,1_267
268,lane,98.40956639,532.591276,23.5049472,15,1,0.388299,1_268
269,ghost,125.9152656,532.591276,30.5835264,15,1,0.375147,1_269
270,had,160.4981328,532.591276,20.3749056,15,1,0.560635,1_270
271,been,184.8766128,532.591276,26.6378112,15,1,0.408617,1_271
272,laid,215.5179984,532.591276,21.1595328,15,1,0.371066,1_272
273,only,240.6811056,532.591276,25.0883136,15,1,0.303719,1_273
274,around,269.7715824,532.591276,39.1862016,15,1,0.377732,1_274
275,a,312.9613584,532.591276,6.265728,16,1,0.546122,1_275
276,dozen,323.2278384,532.591276,33.6938112,17,1,0.303719,1_276
277,of,360.9238128,532.591276,11.755296,17,1,0.377732,1_277
278,years,376.6826832,532.591276,33.3014976,17,1,0.413469,1_278
279,after,413.9877552,532.591276,25.8447168,17,1,0.303719,1_279
280,rapping,443.8360464,532.591276,43.1065152,17,1,0.406757,1_280
281,out,490.9447248,532.591276,18.035136,17,1,0.456825,1_281
282,its,512.9806128,532.591276,13.3301952,17,1,0.537098,1_282
283,messages,530.3172048,532.591276,56.8262016,17,1,0.421315,1_283
284,as,591.1455696,532.591276,11.7524736,17,1,0.517188,1_284
285,the,606.90444,532.591276,17.2420416,17,1,0.343764,1_285
286,spirits,628.1472336,532.591276,34.4981952,17,1,0.377732,1_286
287,of,666.6518256,532.591276,11.755296,17,1,0.403084,1_287
288,this,43.377,564.993676,20.3861952,18,1,0.348707,1_288
289,very,68.26210079,564.993676,25.0742016,18,1,0.383719,1_289
290,year,97.83238557,564.993676,24.2811072,18,1,0.686213,1_290
291,last,126.609576,564.993676,19.5987456,18,1,0.511882,1_291
292,past,150.7015823,564.993676,22.734432,18,1,0.684989,1_292
293,supernaturally,177.9292751,564.993676,85.419936,18,1,0.403447,1_293
294,deficient,267.8452943,564.993676,49.363776,18,1,0.371746,1_294
295,in,321.7023311,564.993676,10.9763136,18,1,0.507302,1_295
296,originality,337.1747279,564.993676,63.4870656,18,1,0.303719,1_296
297,rapped,405.1578767,564.993676,38.3931072,18,1,0.377732,1_297
298,out,448.047067,564.993676,18.035136,18,1,0.461859,1_298
299,theirs,470.5754638,564.993676,34.8792192,18,1,0.364172,1_299
300,Mere,509.9507662,564.993676,29.77632,18,1,0.557823,1_300
301,messages,544.220347,564.993676,53.2953792,18,1,0.269161,1_301
302,in,602.0146318,564.993676,10.9763136,18,1,0.453923,1_302
303,the,617.4870286,564.993676,17.2420416,18,1,0.333923,1_303
304,earthly,639.222331,564.993676,39.1777344,18,1,0.613107,1_304
305,order,43.377,597.396076,29.7734976,19,1,0.656735,1_305
306,of,76.35674402,597.396076,11.755296,19,1,0.622721,1_306
307,events,91.31828644,597.396076,36.0476928,19,1,0.523764,1_307
308,had,130.5750481,597.396076,20.3749056,19,1,0.497551,1_308
309,lately,154.1562001,597.396076,31.342752,19,1,0.421678,1_309
310,come,188.7051985,597.396076,30.5609472,19,1,0.364172,1_310
311,to,222.4695697,597.396076,10.9763136,19,1,0.562449,1_311
312,the,236.6521297,597.396076,17.2420416,19,1,0.398458,1_312
313,English,257.0975954,597.396076,43.1206272,19,1,0.269161,1_313
314,Crown,303.424469,597.396076,38.4156864,19,1,0.410113,1_314
315,and,345.0464018,597.396076,20.3749056,19,1,0.377732,1_315
316,People,368.6275538,597.396076,41.9352192,19,1,0.548481,1_316
317,from,413.7690194,597.396076,27.433728,19,1,0.303719,1_317
318,a,444.4061715,597.396076,6.265728,19,1,0.371746,1_318
319,congress,453.8753235,597.396076,49.3750656,19,1,0.599093,1_319
320,of,506.4594579,597.396076,11.755296,19,1,0.613741,1_320
321,British,521.4210003,597.396076,38.4213312,19,1,0.41805,1_321
322,subjects,563.048578,597.396076,45.4603968,19,1,0.70127,1_322
323,in,611.7180436,597.396076,10.9763136,19,1,0.377732,1_323
324,America,625.9006036,597.396076,52.4994624,19,1,0.605533,1_324
325,which,43.377,629.798476,38.0149056,20,1,0.633651,1_325
326,strange,85.61986077,629.798476,40.7526336,20,1,0.333923,1_326
327,to,130.5976271,629.798476,10.9763136,20,1,0.402993,1_327
328,relate,145.8018959,629.798476,34.85664,20,1,0.56059,1_328
329,have,184.8864911,629.798476,26.64804253,20,1,0.692472,1_329
330,proved,215.7596664,629.798476,39.1862016,20,1,0.348707,1_330
331,more,259.1738231,629.798476,28.9973376,20,1,0.667029,1_331
332,important,292.3962935,629.798476,54.8702784,20,1,0.238549,1_332
333,to,351.4917047,629.798476,10.9763136,20,1,0.42059,1_333
334,the,366.6959734,629.798476,17.2420416,20,1,0.383719,1_334
335,human,388.1631478,629.798476,38.4072192,20,1,0.394467,1_335
336,race,430.7983222,629.798476,23.4908352,20,1,0.383719,1_336
337,than,458.5142901,629.798476,24.2952192,20,1,0.421088,1_337
338,any,487.0374645,629.798476,20.3749056,20,1,0.364626,1_338
339,communications,511.6403253,629.798476,93.2718528,20,1,0.521088,1_339
340,yet,609.1429556,629.798476,17.2420416,20,1,0.349116,1_340
341,received,630.61013,629.798476,47.783232,20,1,0.361859,1_341
342,through,43.377,662.200876,43.8996096,21,1,0.364626,1_342
343,any,90.8046096,662.200876,20.3749056,21,1,0.375057,1_343
344,of,114.7075152,662.200876,11.755296,21,1,0.423764,1_344
345,the,129.9908112,662.200876,17.2420416,21,1,0.35551,1_345
346,chickens,150.7580304,662.200876,49.3665984,21,1,0.303719,1_346
347,of,203.6554512,662.200876,11.755296,21,1,0.333923,1_347
348,the,218.9387472,662.200876,17.2420416,21,1,0.570113,1_348
349,Cock,239.7059664,662.200876,29.7876096,21,1,0.364172,1_349
350,lane,273.021576,662.200876,23.5049472,21,1,0.364626,1_350
351,brood,300.0517008,662.200876,36.451296,21,1,0.475147,1_351
352,France,46.905,694.603276,41.9211072,22,1,0.446032,1_352
353,less,93.84715684,694.603276,21.1651776,22,1,0.530023,1_353
354,favored,120.0376177,694.603276,43.0924032,22,1,0.464535,1_354
355,on,168.1524818,694.603276,14.112,22,1,0.348118,1_355
356,the,187.2869426,694.603276,17.2420416,22,1,0.390839,1_356
357,whole,209.5486227,694.603276,34.489728,22,1,0.495918,1_357
358,as,249.0579892,694.603276,11.7524736,22,1,0.378367,1_358
359,to,265.835746,694.603276,10.9763136,22,1,0.417642,1_359
360,matters,281.8345205,694.603276,41.531616,22,1,0.471791,1_360
361,spiritual,328.3914197,694.603276,46.2506688,22,1,0.26458,1_361
362,than,379.661727,694.603276,24.2952192,22,1,0.377732,1_362
363,her,408.9794071,694.603276,18.0182016,22,1,0.415782,1_363
364,sister,432.0200695,694.603276,29.7876096,22,1,0.383719,1_364
365,of,466.83014,694.603276,11.755296,22,1,0.335193,1_365
366,the,483.6078969,694.603276,17.2420416,22,1,0.399819,1_366
367,shield,505.8695769,694.603276,33.7079232,22,1,0.383719,1_367
368,and,544.599961,694.603276,20.3749056,22,1,0.269161,1_368
369,trident,569.9973275,694.603276,40.3631424,22,1,0.238549,1_369
370,rolled,615.3829307,694.603276,32.9148288,22,1,0.456644,1_370
371,with,653.3202204,694.603276,25.0883136,22,1,0.678912,1_371
372,exceeding,43.377,727.005676,57.195936,23,1,0.303719,1_372
373,smoothness,106.1859017,727.005676,65.8578816,23,1,0.456961,1_373
374,downhill,177.6561256,727.005676,53.7046272,23,1,0.367029,1_374
375,making,236.9702727,727.005676,42.3275328,23,1,0.476281,1_375
376,paper,284.9073254,727.005676,31.3371072,23,1,0.462812,1_376
377,money,321.8539525,727.005676,38.4072192,23,1,0.364626,1_377
378,and,365.8706916,727.005676,20.3749056,23,1,0.426939,1_378
379,spending,391.8551171,727.005676,50.9556096,23,1,0.398458,1_379
380,it,448.4202466,727.005676,11.3686272,23,1,0.351791,1_380
381,Under,465.3983937,727.005676,35.265888,23,1,0.238549,1_381
382,the,506.2738016,727.005676,17.2420416,23,1,0.51941,1_382
383,guidance,529.1225408,727.005676,50.9358528,23,1,0.303719,1_383
384,of,585.6650911,727.005676,11.755296,23,1,0.396372,1_384
385,her,603.029907,727.005676,18.0182016,23,1,0.55288,1_385
386,Christian,626.6576285,727.005676,51.7402368,23,1,0.320454,1_386
387,pastors,43.377,759.408076,43.507296,24,1,0.546893,1_387
388,she,90.2034384,759.408076,18.8141184,24,1,0.528707,1_388
389,entertained,112.3338768,759.408076,62.6798592,24,1,0.269161,1_389
390,herself,178.3328784,759.408076,41.9211072,24,1,0.377732,1_390
391,besides,223.573128,759.408076,45.0709056,24,1,0.298005,1_391
392,with,271.963176,759.408076,25.0883136,24,1,0.563719,1_392
393,such,300.370632,759.408076,25.867296,24,1,0.407891,1_393
394,humane,329.5570704,759.408076,44.6729472,24,1,0.408027,1_394
395,achievements,377.5463376,759.408076,76.7890368,24,1,0.450249,1_395
396,as,457.6573392,759.408076,11.7524736,24,1,0.26458,1_396
397,sentencing,472.7317776,759.408076,60.3457344,24,1,0.377732,1_397
398,a,536.3966544,759.408076,6.265728,24,1,0.406984,1_398
399,youth,545.9787024,759.408076,32.1443136,24,1,0.303719,1_399
400,to,581.4421584,759.408076,10.9763136,24,1,0.547483,1_400
401,have,595.7376144,759.408076,26.6406336,24,1,0.394467,1_401
402,his,625.694568,759.408076,16.4658816,24,1,0.364172,1_402
403,hands,645.4824144,759.408076,32.9204736,24,1,0.553605,1_403
404,cut,43.377,791.810476,17.2420416,25,1,0.401043,1_404
405,off,64.22606881,791.810476,19.982592,25,1,0.336599,1_405
406,his,87.81851041,791.810476,16.4658816,25,1,0.509841,1_406
407,tongue,107.897064,791.810476,38.4100416,25,1,0.483265,1_407
408,torn,149.9141328,791.810476,22.7316096,25,1,0.384671,1_408
409,out,176.255592,791.810476,18.035136,25,1,0.407755,1_409
410,with,197.8977552,791.810476,25.0883136,25,1,0.609433,1_410
411,pincers,226.5959184,791.810476,44.2778112,25,1,0.398458,1_411
412,and,274.4835792,791.810476,20.3749056,25,1,0.303719,1_412
413,his,298.4683344,791.810476,16.4658816,25,1,0.354104,1_413
414,body,318.5575896,791.810476,28.224,25,1,0.383719,1_414
415,burned,350.3914392,791.810476,39.1862016,25,1,0.376508,1_415
416,alive,393.1874904,791.810476,30.9504384,25,1,0.556463,1_416
417,because,427.7477784,791.810476,44.6588352,25,1,0.481587,1_417
418,he,476.0136408,791.810476,13.321728,25,1,0.397959,1_418
419,had,492.942396,791.810476,20.3749056,25,1,0.377732,1_419
420,not,516.9271512,791.810476,18.035136,25,1,0.453016,1_420
421,kneeled,538.5693144,791.810476,43.8770304,25,1,0.399955,1_421
422,down,586.0561944,791.810476,31.3596864,25,1,0.383719,1_422
423,in,621.0257304,791.810476,10.9763136,25,1,0.78517,1_423
424,the,635.6118937,791.810476,17.2420416,25,1,0.378231,1_424
425,rain,656.4609625,791.810476,21.9385152,25,1,0.471791,1_425
426,to,43.377,824.212876,10.9763136,26,1,0.364172,1_426
427,do,57.35211358,824.212876,14.112,26,1,0.358503,1_427
428,honor,74.46291356,824.212876,32.923296,26,1,0.42771,1_428
429,to,110.3850095,824.212876,10.9763136,26,1,0.422132,1_429
430,a,124.3601231,824.212876,6.265728,26,1,0.515238,1_430
431,dirty,133.6218287,824.212876,26.6519232,26,1,0.383719,1_431
432,procession,163.2725519,824.212876,60.3542016,26,1,0.392925,1_432
433,of,226.6255535,824.212876,11.755296,26,1,0.238549,1_433
434,monks,241.3796494,824.212876,37.6338816,26,1,0.269161,1_434
435,which,282.0151534,824.212876,34.4869056,26,1,0.515737,1_435
436,passed,319.500859,824.212876,37.622592,26,1,0.489116,1_436
437,within,360.122251,824.212876,36.0646272,26,1,0.398458,1_437
438,his,399.1856781,824.212876,16.4658816,26,1,0.377732,1_438
439,view,418.6531821,824.212876,30.9589056,26,1,0.525578,1_439
440,at,452.6108877,824.212876,10.1860416,26,1,0.303719,1_440
441,a,465.7929069,824.212876,6.265728,26,1,0.401088,1_441
442,distance,475.0546125,824.212876,46.2365568,26,1,0.269161,1_442
443,of,524.2871468,824.212876,11.755296,26,1,0.398458,1_443
444,some,539.0412428,824.212876,29.790432,26,1,0.377732,1_444
445,fifty,571.8276524,824.212876,24.2952192,26,1,0.525578,1_445
446,or,599.1216716,824.212876,11.755296,26,1,0.303719,1_446
447,sixty,613.8757676,824.212876,27.4450176,26,1,0.397959,1_447
448,yards,644.3195851,824.212876,34.094592,26,1,0.602812,1_448
449,It,46.905,856.6152525,8.622432,27,1,0.269161,1_449
450,is,59.0018064,856.6152525,9.4098816,27,1,0.398458,1_450
451,likely,71.8917072,856.6152525,32.1358464,27,1,0.377732,1_451
452,enough,107.5033392,856.6152525,41.5429056,27,1,0.478231,1_452
453,that,152.5234416,856.6152525,24.6875328,27,1,0.303719,1_453
454,rooted,180.6881712,856.6152525,36.0505152,27,1,0.406032,1_454
455,in,220.214472,856.6152525,10.9763136,27,1,0.269161,1_455
456,the,234.6679824,856.6152525,17.2420416,27,1,0.398458,1_456
457,woods,255.3843984,856.6152525,36.8492544,27,1,0.377732,1_457
458,of,295.7122608,856.6152525,11.755296,27,1,0.580816,1_458
459,France,310.9447536,856.6152525,38.3959296,27,1,0.48712,1_459
460,and,352.8136464,856.6152525,20.3749056,27,1,0.303719,1_460
461,Norway,376.6657488,856.6152525,48.9855744,27,1,0.571565,1_461
462,there,429.12852,856.6152525,28.2042432,27,1,0.351474,1_462
463,were,460.8136056,856.6152525,27.419616,27,1,0.390839,1_463
464,growing,491.707596,856.6152525,47.035296,27,1,0.615238,1_464
465,trees,542.2200888,856.6152525,30.1658112,27,1,0.532018,1_465
466,when,575.8616856,856.6152525,30.566592,27,1,0.328027,1_466
467,that,609.9054744,856.6152525,21.1623552,27,1,0.351474,1_467
468,sufferer,634.5407928,856.6152525,43.8713856,27,1,0.390839,1_468
469,was,43.377,889.0176525,21.94416,28,1,0.504308,1_469
470,put,68.17037283,889.0176525,18.035136,28,1,0.480454,1_470
471,to,89.04907686,889.0176525,10.9763136,28,1,0.532018,1_471
472,death,102.8717809,889.0176525,34.0861248,28,1,0.328027,1_472
473,already,139.8042961,889.0176525,41.5203264,28,1,0.351474,1_473
474,marked,184.1710129,889.0176525,42.3134208,28,1,0.336599,1_474
475,by,229.3308242,889.0176525,14.112,28,1,0.335329,1_475
476,the,246.2892146,889.0176525,17.2420416,28,1,0.455057,1_476
477,Woodman,266.3748242,889.0176525,62.3101248,28,1,0.509252,1_477
478,Fate,331.5313394,889.0176525,27.8232192,28,1,0.383719,1_478
479,to,362.2009491,889.0176525,10.9763136,28,1,0.463764,1_479
480,come,376.0236531,889.0176525,30.5609472,28,1,0.567982,1_480
481,down,409.4281683,889.0176525,31.3596864,28,1,0.351474,1_481
482,and,443.6342452,889.0176525,20.3749056,28,1,0.336599,1_482
483,be,466.8555412,889.0176525,13.321728,28,1,0.335329,1_483
484,sawn,483.0208372,889.0176525,29.0029824,28,1,0.455057,1_484
485,into,514.87021,889.0176525,21.9526272,28,1,0.509252,1_485
486,boards,539.6692277,889.0176525,41.150592,28,1,0.377732,1_486
487,to,583.6662101,889.0176525,10.9763136,28,1,0.383447,1_487
488,make,597.4889141,889.0176525,30.5609472,28,1,0.354694,1_488
489,a,630.8934293,889.0176525,6.265728,28,1,0.26458,1_489
490,certain,640.0027254,889.0176525,38.38464,28,1,0.454739,1_490
491,movable,43.377,78.957676,48.5932608,1,2,0.61034,2_1
492,framework,95.07348961,78.957676,61.9036992,1,2,0.268027,2_2
493,with,160.08324,78.957676,25.0883136,1,2,0.383719,2_3
494,a,188.2776048,78.957676,6.265728,1,2,0.674875,2_4
495,sack,197.6465616,78.957676,25.0742016,1,2,0.371066,2_5
496,and,225.8268144,78.957676,20.3749056,1,2,0.670884,2_6
497,a,249.3077712,78.957676,6.265728,1,2,0.407755,2_7
498,knife,258.676728,78.957676,28.9973376,1,2,0.42059,2_8
499,in,290.7772945,78.957676,10.9763136,1,2,0.336599,2_9
500,it,304.8596593,78.957676,11.3686272,1,2,0.473923,2_10
501,terrible,319.3343377,78.957676,40.7441664,1,2,0.398458,2_11
502,in,363.1817329,78.957676,10.9763136,1,2,0.383719,2_12
503,history,377.2640977,78.957676,42.7283136,1,2,0.556961,2_13
504,It,423.0984625,78.957676,8.622432,1,2,0.358503,2_14
505,is,434.8241233,78.957676,9.4098816,1,2,0.795238,2_15
506,likely,447.3428785,78.957676,32.1358464,1,2,0.364172,2_16
507,enough,482.5847761,78.957676,41.5429056,1,2,0.645624,2_17
508,that,527.2337329,78.957676,21.1623552,1,2,0.26458,2_18
509,in,551.4993169,78.957676,10.9763136,1,2,0.483175,2_19
510,the,565.5816817,78.957676,17.2420416,1,2,0.401043,2_20
511,rough,585.9269521,78.957676,32.93634946,1,2,0.398458,2_21
512,outhouses,621.9693528,78.957676,56.4451776,1,2,0.619184,2_22
513,of,43.377,111.360076,11.755296,2,2,0.326304,2_23
514,some,59.76526569,111.360076,29.790432,2,2,0.26458,2_24
515,tillers,94.18584499,111.360076,32.133024,2,2,0.509524,2_25
516,of,130.9560722,111.360076,11.755296,2,2,0.303719,2_26
517,the,147.3443379,111.360076,17.2420416,2,2,0.439773,2_27
518,heavy,169.2165268,111.360076,33.6938112,2,2,0.364172,2_28
519,lands,207.5447188,111.360076,29.7847872,2,2,0.686485,2_29
520,adjacent,241.9652981,111.360076,47.007072,2,2,0.383719,2_30
521,to,293.6025174,111.360076,10.9763136,2,2,0.709569,2_31
522,Paris,309.2132118,111.360076,31.752,2,2,0.381088,2_32
523,there,345.5981815,111.360076,28.2042432,2,2,0.589615,2_33
524,were,378.4339831,111.360076,27.419616,2,2,0.584263,2_34
525,sheltered,410.4837464,111.360076,50.9330304,2,2,0.524943,2_35
526,from,466.0497465,111.360076,27.433728,2,2,0.478821,2_36
527,the,498.1150329,111.360076,17.2420416,2,2,0.67805,2_37
528,weather,519.9872218,111.360076,44.6560128,2,2,0.397959,2_38
529,that,569.2762043,111.360076,21.1623552,2,2,0.39551,2_39
530,very,595.0701179,111.360076,25.0742016,2,2,0.380726,2_40
531,day,624.7772892,111.360076,23.9029056,2,2,0.364172,2_41
532,rude,653.3145756,111.360076,25.077024,2,2,0.545261,2_42
533,carts,43.377,143.762476,30.1658112,3,2,0.619864,2_43
534,bespattered,77.97962403,143.762476,64.251936,3,2,0.344036,2_44
535,with,146.6683729,143.762476,25.0883136,3,2,0.500952,2_45
536,rustic,176.1934993,143.762476,31.3540416,3,2,0.269161,2_46
537,mire,211.9815313,143.762476,29.3868288,3,2,0.26458,2_47
538,snuffed,245.805173,143.762476,42.321888,3,2,0.377732,2_48
539,about,292.5638738,143.762476,31.3540416,3,2,0.576735,2_49
540,by,328.3519058,143.762476,14.112,3,2,0.575102,2_50
541,pigs,346.9007187,143.762476,27.052704,3,2,0.43356,2_51
542,and,378.3902355,143.762476,20.3749056,3,2,0.397642,2_52
543,roosted,403.2019539,143.762476,41.5429056,3,2,0.647438,2_53
544,in,449.1816724,143.762476,10.9763136,3,2,0.336599,2_54
545,by,464.5947988,143.762476,14.112,3,2,0.626485,2_55
546,poultry,483.1436116,143.762476,44.2919232,3,2,0.513651,2_56
547,which,531.8723477,143.762476,34.4869056,3,2,0.298005,2_57
548,the,570.7960661,143.762476,17.2420416,3,2,0.378367,2_58
549,Farmer,592.4720981,143.762476,44.2778112,3,2,0.383719,2_59
550,Death,641.1867222,143.762476,37.2218112,3,2,0.36585,2_60
551,had,43.377,176.164876,20.3749056,4,2,0.35551,2_61
552,already,67.3081296,176.164876,41.5203264,4,2,0.303719,2_62
553,set,112.38468,176.164876,15.678432,4,2,0.436871,2_63
554,apart,131.6165136,176.164876,28.2083592,4,2,0.535057,2_64
555,to,163.3782744,176.164876,10.9763136,4,2,0.60585,2_65
556,be,177.910812,176.164876,13.321728,4,2,0.401043,2_66
557,his,194.7859416,176.164876,16.4658816,4,2,0.644354,2_67
558,tumbrils,214.8108696,176.164876,47.0381184,4,2,0.563719,2_68
559,of,265.4080344,176.164876,11.755296,4,2,0.383719,2_69
560,the,280.7195544,176.164876,17.2420416,4,2,0.869615,2_70
561,Revolution,301.5149976,176.164876,66.2445504,4,2,0.767302,2_71
562,But,371.315772,176.164876,20.39184,4,2,0.448209,2_72
563,that,395.2610136,176.164876,21.1623552,4,2,0.684671,2_73
564,Woodman,419.9767704,176.164876,58.7821248,4,2,0.377732,2_74
565,and,482.3151192,176.164876,20.3749056,4,2,0.691655,2_75
566,that,506.2462488,176.164876,21.1623552,4,2,0.26458,2_76
567,Farmer,530.9620056,176.164876,44.2778112,4,2,0.377732,2_77
568,though,578.7960408,176.164876,39.2003136,4,2,0.433968,2_78
569,they,621.5525784,176.164876,24.2952192,4,2,0.407891,2_79
570,work,649.4040216,176.164876,29.0029824,4,2,0.398458,2_80
571,unceasingly,43.377,208.567276,70.9297344,5,2,0.238549,2_81
572,work,118.1691888,208.567276,29.0029824,5,2,0.435329,2_82
573,silently,151.0346256,208.567276,45.0765504,5,2,0.664671,2_83
574,and,199.9736304,208.567276,20.3749056,5,2,0.26458,2_84
575,no,224.2109904,208.567276,14.112,5,2,0.377732,2_85
576,one,242.1854448,208.567276,20.377728,5,2,0.401088,2_86
577,heard,266.4228049,208.567276,31.3371072,5,2,0.364853,2_87
578,them,301.6223665,208.567276,28.2183552,5,2,0.434014,2_88
579,as,333.7003537,208.567276,11.7524736,5,2,0.766259,2_89
580,they,349.3181041,208.567276,24.2952192,5,2,0.407755,2_90
581,went,377.4757777,208.567276,27.433728,5,2,0.364172,2_91
582,about,408.7691377,208.567276,31.3540416,5,2,0.591519,2_92
583,with,443.9828113,208.567276,25.0883136,5,2,0.397959,2_93
584,muffled,472.9335793,208.567276,44.6701248,5,2,0.364626,2_94
585,tread,521.4661585,208.567276,32.1245568,5,2,0.85093,2_95
586,the,557.4503473,208.567276,17.2420416,5,2,0.382902,2_96
587,rather,578.552021,208.567276,36.4287168,5,2,0.348118,2_97
588,forasmuch,618.8431922,208.567276,59.5611072,5,2,0.489615,2_98
589,as,43.377,240.969676,11.7524736,6,2,0.26458,2_99
590,to,58.660296,240.969676,10.9763136,6,2,0.364626,2_100
591,entertain,73.1646096,240.969676,49.3609536,6,2,0.26458,2_101
592,any,126.0535632,240.969676,20.3749056,6,2,0.632744,2_102
593,suspicion,149.9564688,240.969676,53.3123136,6,2,0.303719,2_103
594,that,206.7967824,240.969676,21.1623552,6,2,0.375329,2_104
595,they,231.4843152,240.969676,24.2952192,6,2,0.762222,2_105
596,were,259.3075344,240.969676,27.419616,6,2,0.583039,2_106
597,awake,290.252328,240.969676,39.5644032,6,2,0.418322,2_107
598,was,333.3447312,240.969676,21.9548616,6,2,0.361814,2_108
599,to,358.8304152,240.969676,10.9763136,6,2,0.408617,2_109
600,be,373.3347288,240.969676,13.321728,6,2,0.377732,2_110
601,atheistical,390.1816344,240.969676,57.2044032,6,2,0.36585,2_111
602,and,450.9112152,240.969676,20.3749056,6,2,0.655283,2_112
603,traitorous,474.8141208,240.969676,57.6108288,6,2,0.377732,2_113
604,In,46.905,273.372076,11.755296,7,2,0.364172,2_114
605,England,63.8902032,273.372076,50.5548288,7,2,0.421315,2_115
606,there,119.6749392,273.372076,28.2042432,7,2,0.434195,2_116
607,was,153.1062672,273.372076,21.94416,7,2,0.377732,2_117
608,scarcely,180.2831568,273.372076,46.2196224,7,2,0.426077,2_118
609,an,231.7326864,273.372076,13.3189056,7,2,0.398458,2_119
610,amount,250.2814992,273.372076,42.3303552,7,2,0.531066,2_120
611,of,297.8389392,273.372076,11.755296,7,2,0.397959,2_121
612,order,314.8241424,273.372076,29.7734976,7,2,0.522948,2_122
613,and,349.8275472,273.372076,20.3749056,7,2,0.5439,2_123
614,protection,375.43236,273.372076,57.210048,7,2,0.364762,2_124
615,to,437.8723152,273.372076,10.9763136,7,2,0.364172,2_125
616,justify,454.078536,273.372076,36.0646272,7,2,0.377732,2_126
617,much,495.3730704,273.372076,31.3512192,7,2,0.44966,2_127
618,national,531.9541968,273.372076,45.4575744,7,2,0.418322,2_128
619,boasting,582.638856,273.372076,51.3479232,7,2,0.424853,2_129
620,Daring,639.2166864,273.372076,39.1862016,7,2,0.368662,2_130
621,burglaries,43.377,305.774476,56.4225984,8,2,0.364172,2_131
622,by,105.4500431,305.774476,14.112,8,2,0.401497,2_132
623,armed,125.2096654,305.774476,35.2574208,8,2,0.377279,2_133
624,men,166.1147086,305.774476,27.8232192,8,2,0.418322,2_134
625,and,199.5855501,305.774476,20.3749056,8,2,0.730748,2_135
626,highway,225.608078,305.774476,48.5989056,8,2,0.374966,2_136
627,robberies,279.8546059,305.774476,56.0331072,8,2,0.644263,2_137
628,took,341.5353354,305.774476,25.0883136,8,2,0.397959,2_138
629,place,372.2712714,305.774476,29.7678528,8,2,0.377732,2_139
630,in,407.6839241,305.774476,10.9763136,8,2,0.383447,2_140
631,the,424.30786,305.774476,17.2420416,8,2,0.43424,2_141
632,capital,447.1947015,305.774476,37.60848,8,2,0.257596,2_142
633,itself,490.4479815,305.774476,28.2155328,8,2,0.807755,2_143
634,every,524.3111366,305.774476,31.3371072,8,2,0.303719,2_144
635,night,561.2958661,305.774476,32.9317632,8,2,0.377732,2_145
636,families,599.8724292,305.774476,45.4519296,8,2,0.303719,2_146
637,were,650.9748035,305.774476,27.419616,8,2,0.573061,2_147
638,publicly,43.377,338.176876,46.24829328,9,2,0.303719,2_148
639,cautioned,92.42652528,338.176876,54.853344,9,2,0.364626,2_149
640,not,150.0811013,338.176876,18.035136,9,2,0.988118,2_150
641,to,170.9146469,338.176876,10.9763136,9,2,0.469206,2_151
642,go,184.6921925,338.176876,14.112,9,2,0.367029,2_152
643,out,201.6054245,338.176876,18.035136,9,2,0.377732,2_153
644,of,222.4389701,338.176876,11.755296,9,2,0.426077,2_154
645,town,236.9954981,338.176876,28.224,9,2,0.398458,2_155
646,without,268.0207301,338.176876,43.1234496,9,2,0.456236,2_156
647,removing,313.9425893,338.176876,54.0828288,9,2,0.396372,2_157
648,their,370.8266501,338.176876,25.8588288,9,2,0.26458,2_158
649,furniture,399.4867109,338.176876,49.3722432,9,2,0.404082,2_159
650,to,451.6573637,338.176876,10.9763136,9,2,0.407755,2_160
651,upholsterers,465.4349093,338.176876,68.9738112,9,2,0.791973,2_161
652,warehouses,537.2099525,338.176876,65.8296576,9,2,0.671429,2_162
653,for,605.8436645,338.176876,16.454592,9,2,0.377732,2_163
654,security,625.0994885,338.176876,48.5932608,9,2,0.443039,2_164
655,the,43.377,370.579276,17.2420416,10,2,0.442948,2_165
656,highwayman,65.85177119,370.579276,72.8941248,10,2,0.303719,2_166
657,in,143.981448,370.579276,10.9763136,10,2,0.492744,2_167
658,the,160.1947248,370.579276,17.2420416,10,2,0.470658,2_168
659,dark,182.669496,370.579276,25.0742016,10,2,0.398458,2_169
660,was,212.9792496,370.579276,21.94416,10,2,0.412109,2_170
661,a,240.1631952,370.579276,6.265728,10,2,0.383719,2_171
662,City,251.6616528,370.579276,24.3093312,10,2,0.512154,2_172
663,tradesman,281.206536,370.579276,57.9890304,10,2,0.364172,2_173
664,in,344.4325296,370.579276,10.9763136,10,2,0.538186,2_174
665,the,360.6443952,370.579276,17.2420416,10,2,0.343764,2_175
666,light,383.1191664,370.579276,29.4009408,10,2,0.519501,2_176
667,and,417.7570704,370.579276,23.9029056,10,2,0.441723,2_177
668,being,446.895528,370.579276,31.3512192,10,2,0.397959,2_178
669,recognized,483.49794,370.579276,61.895232,10,2,0.303719,2_179
670,and,550.6326048,370.579276,20.3749056,10,2,0.403356,2_180
671,challenged,576.2430624,370.579276,61.1162496,10,2,0.647438,2_181
672,by,642.594864,370.579276,14.112,10,2,0.346032,2_182
673,his,661.9438272,370.579276,16.4658816,10,2,0.687574,2_183
674,fellowtradesman,43.377,402.981676,94.0407804,11,2,0.377732,2_184
675,whom,140.4956076,402.981676,35.2828224,11,2,0.701088,2_185
676,he,178.8534348,402.981676,13.321728,11,2,0.543537,2_186
677,stopped,195.2501676,402.981676,43.8996096,11,2,0.26458,2_187
678,in,242.2276044,402.981676,10.9763136,11,2,0.420544,2_188
679,his,256.2817452,402.981676,16.47182039,11,2,0.303719,2_189
680,character,275.8342152,402.981676,51.6894336,11,2,0.377732,2_190
681,of,330.601476,402.981676,11.755296,11,2,0.335329,2_191
682,the,345.4317768,402.981676,17.2420416,11,2,0.364626,2_192
683,Captain,365.7488232,402.981676,47.4191424,11,2,0.56068,2_193
684,gallantly,416.2429704,402.981676,49.3750656,11,2,0.64712,2_194
685,shot,468.6958632,402.981676,23.5275264,11,2,0.26458,2_195
686,him,495.2983944,402.981676,21.9554496,11,2,0.498639,2_196
687,through,520.3288488,402.981676,43.8996096,11,2,0.515918,2_197
688,the,567.3062856,402.981676,17.2420416,11,2,0.390431,2_198
689,head,587.623332,402.981676,26.6378112,11,2,0.527256,2_199
690,and,617.3389704,402.981676,20.3749056,11,2,0.333923,2_200
691,rode,640.7917032,402.981676,25.077024,11,2,0.45805,2_201
692,away,43.377,435.384076,33.6966336,12,2,0.401043,2_202
693,the,81.03910561,435.384076,17.2420416,12,2,0.632336,2_203
694,mail,102.2466192,435.384076,25.0826688,12,2,0.364172,2_204
695,was,131.29476,435.384076,21.94416,12,2,0.377732,2_205
696,waylaid,157.2100369,435.384076,44.6701248,12,2,0.681224,2_206
697,by,205.8484561,435.384076,14.112,12,2,0.303719,2_207
698,seven,223.9287505,435.384076,32.1302016,12,2,0.377732,2_208
699,robbers,260.0272465,435.384076,45.849888,12,2,0.359728,2_209
700,and,309.8454289,435.384076,20.3749056,12,2,0.523537,2_210
701,the,334.1886289,435.384076,17.2420416,12,2,0.874422,2_211
702,guard,355.3961425,435.384076,32.1302016,12,2,0.538141,2_212
703,shot,391.4946386,435.384076,23.5275264,12,2,0.26458,2_213
704,three,418.987637,435.384076,28.2042432,12,2,0.416553,2_214
705,dead,451.1573522,435.384076,30.1658112,12,2,0.370249,2_215
706,and,485.2914578,435.384076,20.3749056,12,2,0.477778,2_216
707,then,509.6346578,435.384076,24.2952192,12,2,0.333923,2_217
708,got,537.8981714,435.384076,18.035136,12,2,0.54458,2_218
709,shot,559.8987794,435.384076,23.5275264,12,2,0.303719,2_219
710,dead,587.3917779,435.384076,26.6378112,12,2,0.418322,2_220
711,himself,617.9978835,435.384076,42.3275328,12,2,0.364172,2_221
712,by,664.2937107,435.384076,14.112,12,2,0.396372,2_222
713,the,43.377,467.786476,17.2420416,13,2,0.333923,2_223
714,other,64.1978448,467.786476,28.9945152,13,2,0.580544,2_224
715,four,96.7739856,467.786476,27.038592,13,2,0.487937,2_225
716,in,127.3913808,467.786476,10.9763136,13,2,0.450476,2_226
717,consequence,141.94932,467.786476,72.0897408,13,2,0.364671,2_227
718,of,217.617864,467.786476,11.755296,13,2,0.533379,2_228
719,the,232.9547856,467.786476,17.2420416,13,2,0.59034,2_229
720,failure,253.7756304,467.786476,36.8238528,13,2,0.443084,2_230
721,of,294.1782864,467.786476,11.755296,13,2,0.377732,2_231
722,his,309.515208,467.786476,16.4658816,13,2,0.419728,2_232
723,ammunition,329.5655376,467.786476,72.1236096,13,2,0.303719,2_233
724,after,405.265128,467.786476,38.38875599,13,2,0.495147,2_234
725,which,447.2355096,467.786476,34.4869056,13,2,0.383719,2_235
726,the,485.3040408,467.786476,17.2420416,13,2,0.524717,2_236
727,mail,506.1248856,467.786476,25.0826688,13,2,0.351791,2_237
728,was,534.7863576,467.786476,21.94416,13,2,0.424444,2_238
729,robbed,560.3149656,467.786476,39.1862016,13,2,0.50254,2_239
730,in,603.0827928,467.786476,10.9763136,13,2,0.457732,2_240
731,peace,617.640732,467.786476,36.0307584,13,2,0.764308,2_241
732,that,657.2502936,467.786476,21.1623552,13,2,0.37542,2_242
733,magnificent,43.377,500.188876,67.3960896,14,2,0.422132,2_243
734,potentate,115.4625072,500.188876,55.2456576,14,2,0.480454,2_244
735,the,175.4004049,500.188876,17.2420416,14,2,0.639955,2_245
736,Lord,197.3318641,500.188876,27.4309056,14,2,0.479229,2_246
737,Mayor,229.4550098,500.188876,37.622592,14,2,0.383719,2_247
738,of,271.7698418,500.188876,11.755296,14,2,0.465397,2_248
739,London,288.2173779,500.188876,47.4276096,14,2,0.448209,2_249
740,was,340.3372275,500.188876,21.94416,14,2,0.775918,2_250
741,made,366.97645,500.188876,30.5609472,14,2,0.402313,2_251
742,to,402.2268148,500.188876,10.9763136,14,2,0.364172,2_252
743,stand,417.8953685,500.188876,29.7876096,14,2,0.377732,2_253
744,and,452.3752181,500.188876,20.3749056,14,2,0.38263,2_254
745,deliver,477.4423638,500.188876,39.1777344,14,2,0.523537,2_255
746,on,521.3123382,500.188876,14.112,14,2,0.343764,2_256
747,Turnham,540.1165782,500.188876,51.7289472,14,2,0.401043,2_257
748,Green,596.5349431,500.188876,38.0007936,14,2,0.377732,2_258
749,by,639.2279767,500.188876,14.112,14,2,0.74839,2_259
750,one,658.0322168,500.188876,20.377728,14,2,0.364172,2_260
751,highwayman,43.377,532.591276,76.4221248,15,2,0.377732,2_261
752,who,123.7998768,532.591276,24.3036864,15,2,0.764308,2_262
753,despoiled,152.1043152,532.591276,54.0828288,15,2,0.523537,2_263
754,the,210.187896,532.591276,17.2420416,15,2,0.343764,2_264
755,illustrious,231.4278672,532.591276,56.4508224,15,2,0.377732,2_265
756,creature,291.8822641,532.591276,45.4293504,15,2,0.394059,2_266
757,in,341.3095441,532.591276,10.9763136,15,2,0.364172,2_267
758,sight,356.2866097,532.591276,27.44784,15,2,0.336599,2_268
759,of,387.7323793,532.591276,11.755296,15,2,0.671202,2_269
760,all,403.4884273,532.591276,14.1063552,15,2,0.391882,2_270
761,his,421.5927121,532.591276,16.4658816,15,2,0.371066,2_271
762,retinue,442.0621681,532.591276,43.1008704,15,2,0.303719,2_272
763,prisoners,489.1609681,532.591276,51.7317696,15,2,0.411066,2_273
764,in,544.8963121,532.591276,10.9763136,15,2,0.69805,2_274
765,London,559.8733778,532.591276,43.8996096,15,2,0.381088,2_275
766,gaols,607.7737394,532.591276,29.7847872,15,2,0.35551,2_276
767,fought,641.562101,532.591276,36.85725102,15,2,0.303719,2_277
768,battles,43.377,564.993676,36.83232,16,2,0.377732,2_278
769,with,83.7471984,564.993676,25.0883136,16,2,0.582857,2_279
770,their,112.370568,564.993676,25.8588288,16,2,0.494875,2_280
771,turnkeys,141.7644528,564.993676,52.1269056,16,2,0.359138,2_281
772,and,197.4264144,564.993676,20.3749056,16,2,0.26458,2_282
773,the,221.336376,564.993676,17.2420416,16,2,0.377732,2_283
774,majesty,242.1106512,564.993676,43.8911424,16,2,0.471247,2_284
775,of,289.5368496,564.993676,11.755296,16,2,0.303719,2_285
776,the,304.8272016,564.993676,17.2420416,16,2,0.370249,2_286
777,law,325.6014768,564.993676,20.3720832,16,2,0.377732,2_287
778,fired,349.5114384,564.993676,26.6378112,16,2,0.623764,2_288
779,blunderbusses,379.6843056,564.993676,79.9557696,16,2,0.403991,2_289
780,in,463.1779536,564.993676,10.9763136,16,2,0.443084,2_290
781,among,477.6893232,564.993676,38.4072192,16,2,0.442404,2_291
782,them,519.6315984,564.993676,31.7435328,16,2,0.364172,2_292
783,loaded,554.9101872,564.993676,37.6141248,16,2,0.403991,2_293
784,with,596.059368,564.993676,25.0883136,16,2,0.439683,2_294
785,rounds,624.6827376,564.993676,38.412864,16,2,0.403447,2_295
786,of,666.63348,564.993676,11.755296,16,2,0.567528,2_296
787,shot,43.377,597.396076,23.5275264,17,2,0.398458,2_297
788,and,72.76524,597.396076,20.3749056,17,2,0.26458,2_298
789,ball,99.0036816,597.396076,25.0826688,17,2,0.577823,2_299
790,thieves,129.947064,597.396076,39.9680064,17,2,0.77542,2_300
791,snipped,175.7814288,597.396076,43.8996096,17,2,0.377732,2_301
792,off,225.5445744,597.396076,16.454592,17,2,0.418821,2_302
793,diamond,247.8627024,597.396076,49.3835328,17,2,0.584263,2_303
794,crosses,303.1097712,597.396076,40.755456,17,2,0.295918,2_304
795,from,349.7315856,597.396076,27.433728,17,2,0.405125,2_305
796,the,383.0260272,597.396076,17.2420416,17,2,0.435828,2_306
797,necks,406.1287824,597.396076,32.1273792,17,2,0.303719,2_307
798,of,444.1311048,597.396076,11.755296,17,2,0.82195,2_308
799,noble,461.7499368,597.396076,31.3540416,17,2,0.615556,2_309
800,lords,498.964692,597.396076,28.2211776,17,2,0.418821,2_310
801,at,533.052228,597.396076,10.1860416,17,2,0.512698,2_311
802,Court,549.0989832,597.396076,32.147136,17,2,0.478231,2_312
803,drawing,587.1068328,597.396076,46.24572959,17,2,0.238549,2_313
804,rooms,639.216216,597.396076,39.203136,17,2,0.750249,2_314
805,musketeers,43.377,629.798476,63.4785984,18,2,0.343764,2_315
806,went,111.0045264,629.798476,27.433728,18,2,0.664943,2_316
807,into,142.5815376,629.798476,21.9526272,18,2,0.346032,2_317
808,St,168.6802704,629.798476,15.297408,18,2,0.390839,2_318
809,Giless,188.123784,629.798476,38.808,18,2,0.351791,2_319
810,to,235.7830656,629.798476,10.9763136,18,2,0.488481,2_320
811,search,250.9054848,629.798476,36.0364032,18,2,0.343764,2_321
812,for,291.0879936,629.798476,16.454592,18,2,0.626712,2_322
813,contraband,311.6886912,629.798476,62.6883264,18,2,0.407755,2_323
814,goods,378.5231232,629.798476,37.2443904,18,2,0.418821,2_324
815,and,419.9136192,629.798476,20.3749056,18,2,0.510884,2_325
816,the,444.4346304,629.798476,17.2420416,18,2,0.476508,2_326
817,mob,465.8199552,629.798476,25.0883136,18,2,0.26458,2_327
818,fired,495.0543744,629.798476,26.6378112,18,2,0.377732,2_328
819,on,525.8382912,629.798476,14.112,18,2,0.443583,2_329
820,the,544.0963968,629.798476,17.2420416,18,2,0.351791,2_330
821,musketeers,565.4817216,629.798476,67.0094208,18,2,0.505034,2_331
822,and,636.637248,629.798476,20.3749056,18,2,0.397959,2_332
823,the,661.1582592,629.798476,17.2420416,18,2,0.377732,2_333
824,musketeers,43.377,662.200876,63.4785984,19,2,0.238549,2_334
825,fired,110.3751312,662.200876,26.6378112,19,2,0.451156,2_335
826,on,140.5296528,662.200876,14.112,19,2,0.449705,2_336
827,the,158.1583632,662.200876,17.2420416,19,2,0.364172,2_337
828,mob,178.9142928,662.200876,28.6163136,19,2,0.416281,2_338
829,and,211.0473168,662.200876,20.3749056,19,2,0.510884,2_339
830,nobody,234.9389328,662.200876,42.336,19,2,0.644898,2_340
831,thought,280.7916432,662.200876,43.1234496,19,2,0.351791,2_341
832,any,327.4289808,662.200876,20.3749056,19,2,0.377732,2_342
833,of,351.3205968,662.200876,11.755296,19,2,0.387438,2_343
834,these,366.5926032,662.200876,28.9973376,19,2,0.303719,2_344
835,occurrences,399.1038288,662.200876,67.370688,19,2,0.765351,2_345
836,much,469.9940496,662.200876,31.3512192,19,2,0.374376,2_346
837,out,504.8619792,662.200876,18.035136,19,2,0.395057,2_347
838,of,526.4110032,662.200876,11.755296,19,2,0.475964,2_348
839,the,541.6830096,662.200876,17.2420416,19,2,0.498458,2_349
840,common,562.4389392,662.200876,49.3835328,19,2,0.377732,2_350
841,way,615.3391824,662.200876,27.038592,19,2,0.445896,2_351
842,In,645.8944848,662.200876,11.755296,19,2,0.303719,2_352
843,the,661.1664912,662.200876,17.2420416,19,2,0.326304,2_353
844,midst,43.377,694.603276,31.3681536,20,2,0.666893,2_354
845,of,78.76142881,694.603276,11.755296,20,2,0.577778,2_355
846,them,94.53582241,694.603276,31.7435328,20,2,0.364172,2_356
847,the,130.2984528,694.603276,17.2420416,20,2,0.386621,2_357
848,hangman,151.5567696,694.603276,55.2541248,20,2,0.58517,2_358
849,ever,210.829992,694.603276,24.2811072,20,2,0.303719,2_359
850,busy,239.1301968,694.603276,26.6603904,20,2,0.238549,2_360
851,and,269.8096848,694.603276,20.3749056,20,2,0.480635,2_361
852,ever,294.2036881,694.603276,24.2811072,20,2,0.596417,2_362
853,worse,322.5038929,694.603276,33.7051008,20,2,0.346032,2_363
854,than,360.2252689,694.603276,24.2952192,20,2,0.390839,2_364
855,useless,388.5395857,694.603276,43.507296,20,2,0.456236,2_365
856,was,436.0659793,694.603276,21.94416,20,2,0.238549,2_366
857,in,462.042996,694.603276,10.9763136,20,2,0.6278,2_367
858,constant,477.0384072,694.603276,47.0296512,20,2,0.489705,2_368
859,requisition,528.0843336,694.603276,64.2829824,20,2,0.420499,2_369
860,now,596.3835912,694.603276,27.8316864,20,2,0.303719,2_370
861,stringing,628.2343752,694.603276,50.1766272,20,2,0.625079,2_371
862,up,43.377,727.005676,14.112,21,2,0.335329,2_372
863,long,62.81486874,727.005676,25.0883136,21,2,0.411066,2_373
864,rows,93.22905108,727.005676,27.4365504,21,2,0.426213,2_374
865,of,125.9942926,727.005676,11.755296,21,2,0.364172,2_375
866,miscellaneous,143.0754574,727.005676,79.9388352,21,2,0.238549,2_376
867,criminals,228.3429837,727.005676,56.433888,21,2,0.58068,2_377
868,now,290.0999181,727.005676,27.8316864,21,2,0.42771,2_378
869,hanging,323.2574732,727.005676,45.4632192,21,2,0.6722,2_379
870,a,374.0465611,727.005676,6.265728,22,2,0.370249,2_380
871,housebreaker,385.6353355,727.005676,75.2226048,23,2,0.398503,2_381
872,on,466.183809,727.005676,14.112,23,2,0.383719,2_382
873,Saturday,485.6216778,727.005676,50.1625152,23,2,0.458367,2_383
874,who,541.1100617,727.005676,24.3036864,23,2,0.26458,2_384
875,had,570.7396168,727.005676,20.3749056,23,2,0.364172,2_385
876,been,596.4403912,727.005676,26.6378112,23,2,0.515873,2_386
877,taken,628.4040711,727.005676,30.5581248,23,2,0.447755,2_387
878,on,664.2880647,727.005676,14.112,23,2,0.377732,2_388
879,Tuesday,43.377,759.408076,51.7289472,24,2,0.390748,2_389
880,now,99.19701596,759.408076,27.8316864,24,2,0.333923,2_390
881,burning,131.1225935,759.408076,43.8996096,24,2,0.37229,2_391
882,people,179.1160943,759.408076,37.6169472,24,2,0.402585,2_392
883,in,220.8241102,759.408076,10.9763136,24,2,0.403356,2_393
884,the,235.894315,759.408076,17.2420416,24,2,0.58068,2_394
885,hand,257.2274254,759.408076,27.4309056,24,2,0.522948,2_395
886,at,288.7522221,759.408076,10.1860416,24,2,0.513152,2_396
887,Newgate,303.0293325,759.408076,50.1512256,24,2,0.364172,2_397
888,by,357.2716268,759.408076,14.112,24,2,0.622766,2_398
889,the,375.477518,759.408076,17.2420416,24,2,0.515102,2_399
890,dozen,396.8106283,759.408076,37.2218112,24,2,0.669977,2_400
891,and,438.1263307,759.408076,20.3749056,24,2,0.511746,2_401
892,now,462.5951275,759.408076,24.300864,24,2,0.397959,2_402
893,burning,490.992705,759.408076,43.8996096,24,2,0.370249,2_403
894,pamphlets,538.9862058,759.408076,58.00032,24,2,0.430431,2_404
895,at,601.0832393,759.408076,10.1860416,24,2,0.377732,2_405
896,the,615.3603497,759.408076,17.2420416,24,2,0.477098,2_406
897,door,636.6934601,759.408076,25.867296,24,2,0.364172,2_407
898,of,666.6546472,759.408076,11.755296,24,2,0.377732,2_408
899,Westminster,43.377,791.810476,71.32418832,25,2,0.557098,2_409
900,Hall,118.5410635,791.810476,28.2183552,25,2,0.440952,2_410
901,today,150.5964715,791.810476,34.88295889,25,2,0.579683,2_411
902,taking,189.3207168,791.810476,35.2715328,25,2,0.454921,2_412
903,the,228.4321248,791.810476,17.2420416,25,2,0.433878,2_413
904,life,249.5126304,791.810476,18.8056512,25,2,0.383719,2_414
905,of,272.1553344,791.810476,11.76011757,25,2,0.472109,2_415
906,an,287.7567384,791.810476,13.3189056,25,2,0.487664,2_416
907,atrocious,304.9155192,791.810476,51.7233024,25,2,0.42907,2_417
908,murderer,360.4829304,791.810476,55.2400128,25,2,0.397959,2_418
909,and,419.5628184,791.810476,20.3749056,25,2,0.435465,2_419
910,tomorrow,443.7790105,791.810476,55.65702235,25,2,0.364172,2_420
911,of,503.2787304,791.810476,11.755296,25,2,0.505941,2_421
912,a,518.8753128,791.810476,6.265728,25,2,0.26458,2_422
913,wretched,528.9780936,791.810476,51.7120128,25,2,0.397959,2_423
914,pilferer,584.5313928,791.810476,41.5203264,25,2,0.584535,2_424
915,who,629.8915944,791.810476,24.3036864,25,2,0.367029,2_425
916,had,658.0365672,791.810476,20.3749056,25,2,0.377732,2_426
917,robbed,43.377,824.212876,39.1862016,26,2,0.553832,2_427
918,a,86.0912016,824.212876,6.265728,26,2,0.364172,2_428
919,farmers,95.8821072,824.212876,43.0895808,26,2,0.376508,2_429
920,boy,142.5025104,824.212876,21.168,26,2,0.390839,2_430
921,of,167.1985104,824.212876,11.755296,26,2,0.556463,2_431
922,sixpence,182.4818064,824.212876,52.8974208,26,2,0.393832,2_432
923,All,43.377,856.6152525,18.035136,27,2,0.507347,2_433
924,these,65.15040481,856.6152525,28.9973376,27,2,0.383719,2_434
925,things,97.88601121,856.6152525,38.0290176,27,2,0.358503,2_435
926,and,139.65612,856.6152525,20.3749056,27,2,0.364626,2_436
927,a,163.7721168,856.6152525,6.265728,28,2,0.622177,2_437
928,thousand,173.7761136,856.6152525,50.9556096,29,2,0.303719,2_438
929,like,228.4728144,856.6152525,21.1623552,29,2,0.238549,2_439
930,them,253.3734384,856.6152525,31.7435328,29,2,0.377732,2_440
931,came,288.8580624,856.6152525,29.7678528,29,2,0.720317,2_441
932,to,322.3641841,856.6152525,10.9763136,29,2,0.35619,2_442
933,pass,337.0815889,856.6152525,24.300864,29,2,0.407755,2_443
934,in,365.1263665,856.6152525,10.9763136,29,2,0.477098,2_444
935,and,379.8437713,856.6152525,20.3749056,29,2,0.364172,2_445
936,close,403.9597681,856.6152525,28.9973376,29,2,0.407755,2_446
937,upon,436.6953745,856.6152525,28.224,29,2,0.553832,2_447
938,the,468.6604657,856.6152525,17.2420416,29,2,0.351837,2_448
939,dear,489.6407761,856.6152525,24.2811072,29,2,0.42059,2_449
940,old,517.6629745,856.6152525,18.0323136,29,2,0.413651,2_450
941,year,539.4363793,856.6152525,24.2811072,29,2,0.412063,2_451
942,one,567.4585777,856.6152525,20.377728,29,2,0.776689,2_452
943,thousand,591.5745745,856.6152525,50.9556096,29,2,0.412063,2_453
944,seven,646.2712753,856.6152525,32.1302016,29,2,0.688209,2_454
945,hundred,43.377,889.0176525,46.2422016,30,2,0.364172,2_455
946,and,93.2812656,889.0176525,20.3749056,30,2,0.367075,2_456
947,seventy,117.3182352,889.0176525,43.1065152,30,2,0.403356,2_457
948,five,164.0878728,889.0176525,25.4665152,30,2,0.37161,2_458
949,Environed,193.216452,889.0176525,58.7821248,30,2,0.371338,2_459
950,by,255.6606408,889.0176525,14.112,30,2,0.348707,2_460
951,them,273.4347048,889.0176525,31.7435328,30,2,0.26458,2_461
952,while,308.8403016,889.0176525,31.3540416,30,2,0.42059,2_462
953,the,343.8535848,889.0176525,17.2420416,30,2,0.37542,2_463
954,Woodman,364.754868,889.0176525,58.7821248,30,2,0.487664,2_464
955,and,427.1990568,889.0176525,20.3749056,30,2,0.333923,2_465
956,the,451.2360264,889.0176525,17.2420416,30,2,0.486304,2_466
957,Farmer,472.1373096,889.0176525,40.7498112,30,2,0.422902,2_467
958,worked,516.5491848,889.0176525,42.321888,30,2,0.377732,2_468
959,unheeded,562.5331367,889.0176525,57.5967168,30,2,0.483537,2_469
960,those,623.7919175,889.0176525,29.790432,30,2,0.71034,2_470
961,two,657.2415911,889.0176525,21.168,30,2,0.348707,2_471
962,of,43.377,78.957676,11.755296,1,3,0.303719,3_1
963,the,58.29620641,78.957676,17.2420416,1,3,0.377732,3_2
964,large,78.69933603,78.957676,28.2042432,1,3,0.474059,3_3
965,jaws,110.0646672,78.957676,29.395296,1,3,0.364172,3_4
966,and,142.6238737,78.957676,20.3749056,1,3,0.377732,3_5
967,those,166.1626897,78.957676,29.790432,1,3,0.40966,3_6
968,other,199.1142097,78.957676,28.9945152,1,3,0.571565,3_7
969,two,231.2726353,78.957676,21.168,1,3,0.43415,3_8
970,of,255.6045457,78.957676,11.755296,1,3,0.333923,3_9
971,the,270.5237521,78.957676,17.2420416,1,3,0.427664,3_10
972,plain,290.9268817,78.957676,28.2155328,1,3,0.411111,3_11
973,and,322.306325,78.957676,20.3749056,1,3,0.377732,3_12
974,the,345.845141,78.957676,17.2420416,1,3,0.364172,3_13
975,fair,366.2482706,78.957676,19.5818112,1,3,0.502993,3_14
976,faces,388.9939922,78.957676,32.5084032,1,3,0.401043,3_15
977,trod,424.6663058,78.957676,22.7316096,1,3,0.555329,3_16
978,with,450.5618258,78.957676,25.0883136,1,3,0.478503,3_17
979,stir,478.8140498,78.957676,18.0323136,1,3,0.333923,3_18
980,enough,500.0102738,78.957676,45.0709056,1,3,0.238549,3_19
981,and,548.2450899,78.957676,20.3749056,1,3,0.404444,3_20
982,carried,571.7839059,78.957676,39.1636224,1,3,0.443583,3_21
983,their,614.1114387,78.957676,25.8588288,1,3,0.394467,3_22
984,divine,643.1341779,78.957676,35.2743552,1,3,0.502086,3_23
985,rights,43.377,111.360076,32.1414912,2,3,0.338186,3_24
986,with,82.49264164,111.360076,25.0883136,2,3,0.377732,3_25
987,a,114.5536945,111.360076,6.265728,2,3,0.402585,3_26
988,high,127.7893394,111.360076,25.0883136,2,3,0.403356,3_27
989,hand,159.8503922,111.360076,30.9589056,2,3,0.58068,3_28
990,Thus,197.7806259,111.360076,31.752,2,3,0.522948,3_29
991,did,236.5053651,111.360076,18.03419487,2,3,0.513152,3_30
992,the,261.5122993,111.360076,17.2420416,2,3,0.364172,3_31
993,year,285.7242577,111.360076,24.2811072,2,3,0.622766,3_32
994,one,316.976693,111.360076,20.377728,2,3,0.515102,3_33
995,thousand,344.3243378,111.360076,50.95819657,2,3,0.450794,3_34
996,seven,402.2552737,111.360076,32.1302016,2,3,0.590476,3_35
997,hundred,441.3582145,111.360076,46.2422016,2,3,0.401043,3_36
998,and,494.5717442,111.360076,20.3749056,2,3,0.751156,3_37
999,seventy,521.919389,111.360076,43.1065152,2,3,0.364172,3_38
1000,five,572.0005248,111.360076,21.9413376,2,3,0.544127,3_39
1001,conduct,600.9117793,111.360076,44.6729472,2,3,0.303719,3_40
1002,their,652.5546433,111.360076,25.8588288,2,3,0.48322,3_41
1003,Greatnesses,43.377,143.762476,70.9240896,3,3,0.588073,3_42
1004,and,118.5572688,143.762476,20.3749056,3,3,0.377732,3_43
1005,myriads,143.1883535,143.762476,45.4603968,3,3,0.591066,3_44
1006,of,192.9077519,143.762476,11.755296,3,3,0.364172,3_45
1007,small,208.9192271,143.762476,30.5750592,3,3,0.303719,3_46
1008,creatures,243.7476431,143.762476,54.45091694,3,3,0.400952,3_47
1009,the,302.4541512,143.762476,17.2420416,3,3,0.620091,3_48
1010,creatures,323.9495496,143.762476,50.916096,3,3,0.416553,3_49
1011,of,379.1246471,143.762476,11.755296,3,3,0.377732,3_50
1012,this,395.1361223,143.762476,20.3861952,3,3,0.43093,3_51
1013,chronicle,419.7813191,143.762476,52.4994624,3,3,0.455918,3_52
1014,among,476.5341383,143.762476,38.4072192,3,3,0.377732,3_53
1015,the,519.1975366,143.762476,17.2420416,3,3,0.481723,3_54
1016,rest,540.692935,143.762476,20.377728,3,3,0.407755,3_55
1017,along,565.3294296,143.762476,31.3512192,3,3,0.433878,3_56
1018,the,600.937416,143.762476,17.2420416,3,3,0.352018,3_57
1019,roads,622.4328144,143.762476,30.5637696,3,3,0.532018,3_58
1020,that,657.2555855,143.762476,21.1623552,3,3,0.371338,3_59
1021,lay,43.377,176.164876,17.2392192,4,3,0.383447,3_60
1022,before,64.1442192,176.164876,36.0392256,4,3,0.383719,3_61
1023,them,103.7086224,176.164876,31.7477664,4,3,0.303719,3_62